{"current_program_scene":"Chandler","current_scene":"Chandler","current_transition":"Fade","groups":[],"modules":{"auto-scene-switcher":{"active":false,"interval":300,"non_matching_scene":"","switch_if_not_matching":false,"switches":[]},"captions":{"enabled":false,"lang_id":2057,"provider":"mssapi","source":""},"decklink_captions":{"source":""},"output-timer":{"autoStartRecordTimer":false,"autoStartStreamTimer":false,"pauseRecordTimer":true,"recordTimerHours":0,"recordTimerMinutes":0,"recordTimerSeconds":30,"streamTimerHours":0,"streamTimerMinutes":0,"streamTimerSeconds":30},"scripts-tool":[]},"name":"VirtualUsers","preview_locked":false,"quick_transitions":[{"duration":300,"fade_to_black":false,"hotkeys":[],"id":1,"name":"Cut"},{"duration":300,"fade_to_black":false,"hotkeys":[],"id":2,"name":"Fade"},{"duration":300,"fade_to_black":true,"hotkeys":[],"id":3,"name":"Fade"}],"saved_projectors":[],"scaling_enabled":false,"scaling_level":0,"scaling_off_x":0.0,"scaling_off_y":0.0,"scene_order":[{"name":"Chandler"},{"name":"Joey"},{"name":"Monica"},{"name":"Phoebe"},{"name":"Rachael"},{"name":"Ross"},{"name":"Black Panther"},{"name":"Iron Man"},{"name":"Thor"},{"name":"Star Lord"},{"name":"Thanos"},{"name":"Darth Vader"}],"sources":[{"balance":0.5,"deinterlace_field_order":0,"deinterlace_mode":0,"enabled":true,"flags":0,"hotkeys":{"OBSBasic.SelectScene":[],"libobs.hide_scene_item.Chandler.mp4":[],"libobs.show_scene_item.Chandler.mp4":[]},"id":"scene","mixers":0,"monitoring_type":0,"muted":false,"name":"Chandler","prev_ver":452984833,"private_settings":{},"push-to-mute":false,"push-to-mute-delay":0,"push-to-talk":false,"push-to-talk-delay":0,"settings":{"custom_size":false,"id_counter":4,"items":[{"align":5,"bounds":{"x":0.0,"y":0.0},"bounds_align":0,"bounds_type":0,"crop_bottom":0,"crop_left":0,"crop_right":0,"crop_top":0,"group_item_backup":false,"hide_transition":{"duration":0},"id":4,"locked":false,"name":"Chandler.mp4","pos":{"x":0.0,"y":0.0},"private_settings":{},"rot":0.0,"scale":{"x":0.66666668653488159,"y":0.66666668653488159},"scale_filter":"disable","show_transition":{"duration":0},"visible":true}]},"sync":0,"versioned_id":"scene","volume":1.0},{"balance":0.5,"deinterlace_field_order":0,"deinterlace_mode":0,"enabled":true,"flags":0,"hotkeys":{"OBSBasic.SelectScene":[],"libobs.hide_scene_item.Joey.mp4":[],"libobs.show_scene_item.Joey.mp4":[]},"id":"scene","mixers":0,"monitoring_type":0,"muted":false,"name":"Joey","prev_ver":452984833,"private_settings":{},"push-to-mute":false,"push-to-mute-delay":0,"push-to-talk":false,"push-to-talk-delay":0,"settings":{"custom_size":false,"id_counter":2,"items":[{"align":5,"bounds":{"x":0.0,"y":0.0},"bounds_align":0,"bounds_type":0,"crop_bottom":0,"crop_left":0,"crop_right":0,"crop_top":0,"group_item_backup":false,"hide_transition":{"duration":0},"id":2,"locked":false,"name":"Joey.mp4","pos":{"x":0.0,"y":0.0},"private_settings":{},"rot":0.0,"scale":{"x":0.66666668653488159,"y":0.66666668653488159},"scale_filter":"disable","show_transition":{"duration":0},"visible":true}]},"sync":0,"versioned_id":"scene","volume":1.0},{"balance":0.5,"deinterlace_field_order":0,"deinterlace_mode":0,"enabled":true,"flags":0,"hotkeys":{"OBSBasic.SelectScene":[],"libobs.hide_scene_item.Monica.mp4":[],"libobs.show_scene_item.Monica.mp4":[]},"id":"scene","mixers":0,"monitoring_type":0,"muted":false,"name":"Monica","prev_ver":452984833,"private_settings":{},"push-to-mute":false,"push-to-mute-delay":0,"push-to-talk":false,"push-to-talk-delay":0,"settings":{"custom_size":false,"id_counter":1,"items":[{"align":5,"bounds":{"x":0.0,"y":0.0},"bounds_align":0,"bounds_type":0,"crop_bottom":0,"crop_left":0,"crop_right":0,"crop_top":0,"group_item_backup":false,"hide_transition":{"duration":0},"id":1,"locked":false,"name":"Monica.mp4","pos":{"x":0.0,"y":0.0},"private_settings":{},"rot":0.0,"scale":{"x":0.66666668653488159,"y":0.66666668653488159},"scale_filter":"disable","show_transition":{"duration":0},"visible":true}]},"sync":0,"versioned_id":"scene","volume":1.0},{"balance":0.5,"deinterlace_field_order":0,"deinterlace_mode":0,"enabled":true,"flags":0,"hotkeys":{"OBSBasic.SelectScene":[],"libobs.hide_scene_item.Phoebe.mp4":[],"libobs.show_scene_item.Phoebe.mp4":[]},"id":"scene","mixers":0,"monitoring_type":0,"muted":false,"name":"Phoebe","prev_ver":452984833,"private_settings":{},"push-to-mute":false,"push-to-mute-delay":0,"push-to-talk":false,"push-to-talk-delay":0,"settings":{"custom_size":false,"id_counter":1,"items":[{"align":5,"bounds":{"x":0.0,"y":0.0},"bounds_align":0,"bounds_type":0,"crop_bottom":0,"crop_left":0,"crop_right":0,"crop_top":0,"group_item_backup":false,"hide_transition":{"duration":0},"id":1,"locked":false,"name":"Phoebe.mp4","pos":{"x":0.0,"y":0.0},"private_settings":{},"rot":0.0,"scale":{"x":0.66666668653488159,"y":0.66666668653488159},"scale_filter":"disable","show_transition":{"duration":0},"visible":true}]},"sync":0,"versioned_id":"scene","volume":1.0},{"balance":0.5,"deinterlace_field_order":0,"deinterlace_mode":0,"enabled":true,"flags":0,"hotkeys":{"OBSBasic.SelectScene":[],"libobs.hide_scene_item.Rachael.mp4":[],"libobs.show_scene_item.Rachael.mp4":[]},"id":"scene","mixers":0,"monitoring_type":0,"muted":false,"name":"Rachael","prev_ver":452984833,"private_settings":{},"push-to-mute":false,"push-to-mute-delay":0,"push-to-talk":false,"push-to-talk-delay":0,"settings":{"custom_size":false,"id_counter":1,"items":[{"align":5,"bounds":{"x":0.0,"y":0.0},"bounds_align":0,"bounds_type":0,"crop_bottom":0,"crop_left":0,"crop_right":0,"crop_top":0,"group_item_backup":false,"hide_transition":{"duration":0},"id":1,"locked":false,"name":"Rachael.mp4","pos":{"x":0.0,"y":0.0},"private_settings":{},"rot":0.0,"scale":{"x":0.66666668653488159,"y":0.66666668653488159},"scale_filter":"disable","show_transition":{"duration":0},"visible":true}]},"sync":0,"versioned_id":"scene","volume":1.0},{"balance":0.5,"deinterlace_field_order":0,"deinterlace_mode":0,"enabled":true,"flags":0,"hotkeys":{"OBSBasic.SelectScene":[],"libobs.hide_scene_item.Ross.mp4":[],"libobs.show_scene_item.Ross.mp4":[]},"id":"scene","mixers":0,"monitoring_type":0,"muted":false,"name":"Ross","prev_ver":452984833,"private_settings":{},"push-to-mute":false,"push-to-mute-delay":0,"push-to-talk":false,"push-to-talk-delay":0,"settings":{"custom_size":false,"id_counter":2,"items":[{"align":5,"bounds":{"x":0.0,"y":0.0},"bounds_align":0,"bounds_type":0,"crop_bottom":0,"crop_left":0,"crop_right":0,"crop_top":0,"group_item_backup":false,"hide_transition":{"duration":0},"id":2,"locked":false,"name":"Ross.mp4","pos":{"x":0.0,"y":0.0},"private_settings":{},"rot":0.0,"scale":{"x":0.66666668653488159,"y":0.66666668653488159},"scale_filter":"disable","show_transition":{"duration":0},"visible":true}]},"sync":0,"versioned_id":"scene","volume":1.0},{"balance":0.5,"deinterlace_field_order":0,"deinterlace_mode":0,"enabled":true,"flags":0,"hotkeys":{"OBSBasic.SelectScene":[],"libobs.hide_scene_item.Black Panther.mp4":[],"libobs.show_scene_item.Black Panther.mp4":[]},"id":"scene","mixers":0,"monitoring_type":0,"muted":false,"name":"Black Panther","prev_ver":452984833,"private_settings":{},"push-to-mute":false,"push-to-mute-delay":0,"push-to-talk":false,"push-to-talk-delay":0,"settings":{"custom_size":false,"id_counter":1,"items":[{"align":5,"bounds":{"x":0.0,"y":0.0},"bounds_align":0,"bounds_type":0,"crop_bottom":0,"crop_left":0,"crop_right":0,"crop_top":0,"group_item_backup":false,"hide_transition":{"duration":0},"id":1,"locked":false,"name":"Black Panther.mp4","pos":{"x":0.0,"y":0.0},"private_settings":{},"rot":0.0,"scale":{"x":0.66666668653488159,"y":0.66666668653488159},"scale_filter":"disable","show_transition":{"duration":0},"visible":true}]},"sync":0,"versioned_id":"scene","volume":1.0},{"balance":0.5,"deinterlace_field_order":0,"deinterlace_mode":0,"enabled":true,"flags":0,"hotkeys":{"OBSBasic.SelectScene":[],"libobs.hide_scene_item.iron man.mp4":[],"libobs.show_scene_item.iron man.mp4":[]},"id":"scene","mixers":0,"monitoring_type":0,"muted":false,"name":"Iron Man","prev_ver":452984833,"private_settings":{},"push-to-mute":false,"push-to-mute-delay":0,"push-to-talk":false,"push-to-talk-delay":0,"settings":{"custom_size":false,"id_counter":1,"items":[{"align":5,"bounds":{"x":0.0,"y":0.0},"bounds_align":0,"bounds_type":0,"crop_bottom":0,"crop_left":0,"crop_right":0,"crop_top":0,"group_item_backup":false,"hide_transition":{"duration":0},"id":1,"locked":false,"name":"iron man.mp4","pos":{"x":0.0,"y":0.0},"private_settings":{},"rot":0.0,"scale":{"x":0.66666668653488159,"y":0.66666668653488159},"scale_filter":"disable","show_transition":{"duration":0},"visible":true}]},"sync":0,"versioned_id":"scene","volume":1.0},{"balance":0.5,"deinterlace_field_order":0,"deinterlace_mode":0,"enabled":true,"flags":0,"hotkeys":{"OBSBasic.SelectScene":[],"libobs.hide_scene_item.Thor.mp4":[],"libobs.show_scene_item.Thor.mp4":[]},"id":"scene","mixers":0,"monitoring_type":0,"muted":false,"name":"Thor","prev_ver":452984833,"private_settings":{},"push-to-mute":false,"push-to-mute-delay":0,"push-to-talk":false,"push-to-talk-delay":0,"settings":{"custom_size":false,"id_counter":1,"items":[{"align":5,"bounds":{"x":0.0,"y":0.0},"bounds_align":0,"bounds_type":0,"crop_bottom":0,"crop_left":0,"crop_right":0,"crop_top":0,"group_item_backup":false,"hide_transition":{"duration":0},"id":1,"locked":false,"name":"Thor.mp4","pos":{"x":0.0,"y":0.0},"private_settings":{},"rot":0.0,"scale":{"x":0.66666668653488159,"y":0.66666668653488159},"scale_filter":"disable","show_transition":{"duration":0},"visible":true}]},"sync":0,"versioned_id":"scene","volume":1.0},{"balance":0.5,"deinterlace_field_order":0,"deinterlace_mode":0,"enabled":true,"flags":0,"hotkeys":{"OBSBasic.SelectScene":[],"libobs.hide_scene_item.star lord.mp4":[],"libobs.show_scene_item.star lord.mp4":[]},"id":"scene","mixers":0,"monitoring_type":0,"muted":false,"name":"Star Lord","prev_ver":452984833,"private_settings":{},"push-to-mute":false,"push-to-mute-delay":0,"push-to-talk":false,"push-to-talk-delay":0,"settings":{"custom_size":false,"id_counter":1,"items":[{"align":5,"bounds":{"x":0.0,"y":0.0},"bounds_align":0,"bounds_type":0,"crop_bottom":0,"crop_left":0,"crop_right":0,"crop_top":0,"group_item_backup":false,"hide_transition":{"duration":0},"id":1,"locked":false,"name":"star lord.mp4","pos":{"x":0.0,"y":0.0},"private_settings":{},"rot":0.0,"scale":{"x":0.66666668653488159,"y":0.66666668653488159},"scale_filter":"disable","show_transition":{"duration":0},"visible":true}]},"sync":0,"versioned_id":"scene","volume":1.0},{"balance":0.5,"deinterlace_field_order":0,"deinterlace_mode":0,"enabled":true,"flags":0,"hotkeys":{"OBSBasic.SelectScene":[],"libobs.hide_scene_item.Thanos.mp4":[],"libobs.show_scene_item.Thanos.mp4":[]},"id":"scene","mixers":0,"monitoring_type":0,"muted":false,"name":"Thanos","prev_ver":452984833,"private_settings":{},"push-to-mute":false,"push-to-mute-delay":0,"push-to-talk":false,"push-to-talk-delay":0,"settings":{"custom_size":false,"id_counter":1,"items":[{"align":5,"bounds":{"x":0.0,"y":0.0},"bounds_align":0,"bounds_type":0,"crop_bottom":0,"crop_left":0,"crop_right":0,"crop_top":0,"group_item_backup":false,"hide_transition":{"duration":0},"id":1,"locked":false,"name":"Thanos.mp4","pos":{"x":0.0,"y":0.0},"private_settings":{},"rot":0.0,"scale":{"x":0.66666668653488159,"y":0.66666668653488159},"scale_filter":"disable","show_transition":{"duration":0},"visible":true}]},"sync":0,"versioned_id":"scene","volume":1.0},{"balance":0.5,"deinterlace_field_order":0,"deinterlace_mode":0,"enabled":true,"flags":0,"hotkeys":{"OBSBasic.SelectScene":[],"libobs.hide_scene_item.Darth Vader.mp4":[],"libobs.show_scene_item.Darth Vader.mp4":[]},"id":"scene","mixers":0,"monitoring_type":0,"muted":false,"name":"Darth Vader","prev_ver":452984833,"private_settings":{},"push-to-mute":false,"push-to-mute-delay":0,"push-to-talk":false,"push-to-talk-delay":0,"settings":{"custom_size":false,"id_counter":1,"items":[{"align":5,"bounds":{"x":0.0,"y":0.0},"bounds_align":0,"bounds_type":0,"crop_bottom":0,"crop_left":0,"crop_right":0,"crop_top":0,"group_item_backup":false,"hide_transition":{"duration":0},"id":1,"locked":false,"name":"Darth Vader.mp4","pos":{"x":0.0,"y":0.0},"private_settings":{},"rot":0.0,"scale":{"x":0.66666668653488159,"y":0.66666668653488159},"scale_filter":"disable","show_transition":{"duration":0},"visible":true}]},"sync":0,"versioned_id":"scene","volume":1.0},{"balance":0.5,"deinterlace_field_order":0,"deinterlace_mode":0,"enabled":true,"flags":0,"hotkeys":{"MediaSource.Pause":[],"MediaSource.Play":[],"MediaSource.Restart":[],"MediaSource.Stop":[],"libobs.mute":[],"libobs.push-to-mute":[],"libobs.push-to-talk":[],"libobs.unmute":[]},"id":"ffmpeg_source","mixers":255,"monitoring_type":0,"muted":true,"name":"Chandler.mp4","prev_ver":452984833,"private_settings":{},"push-to-mute":false,"push-to-mute-delay":0,"push-to-talk":false,"push-to-talk-delay":0,"settings":{"buffering_mb":2,"clear_on_media_end":true,"close_when_inactive":true,"hw_decode":true,"is_local_file":true,"linear_alpha":false,"local_file":"C:/Users/admin/Videos/Teams Virtual Users/Chandler.mp4","looping":true,"reconnect_delay_sec":10,"restart_on_activate":true,"speed_percent":100},"sync":0,"versioned_id":"ffmpeg_source","volume":1.0},{"balance":0.5,"deinterlace_field_order":0,"deinterlace_mode":0,"enabled":true,"flags":0,"hotkeys":{"MediaSource.Pause":[],"MediaSource.Play":[],"MediaSource.Restart":[],"MediaSource.Stop":[],"libobs.mute":[],"libobs.push-to-mute":[],"libobs.push-to-talk":[],"libobs.unmute":[]},"id":"ffmpeg_source","mixers":255,"monitoring_type":0,"muted":true,"name":"Joey.mp4","prev_ver":452984833,"private_settings":{},"push-to-mute":false,"push-to-mute-delay":0,"push-to-talk":false,"push-to-talk-delay":0,"settings":{"close_when_inactive":true,"hw_decode":true,"local_file":"C:/Users/admin/Videos/Teams Virtual Users/Joey.mp4","looping":true},"sync":0,"versioned_id":"ffmpeg_source","volume":1.0},{"balance":0.5,"deinterlace_field_order":0,"deinterlace_mode":0,"enabled":true,"flags":0,"hotkeys":{"MediaSource.Pause":[],"MediaSource.Play":[],"MediaSource.Restart":[],"MediaSource.Stop":[],"libobs.mute":[],"libobs.push-to-mute":[],"libobs.push-to-talk":[],"libobs.unmute":[]},"id":"ffmpeg_source","mixers":255,"monitoring_type":0,"muted":true,"name":"Monica.mp4","prev_ver":452984833,"private_settings":{},"push-to-mute":false,"push-to-mute-delay":0,"push-to-talk":false,"push-to-talk-delay":0,"settings":{"close_when_inactive":true,"hw_decode":true,"local_file":"C:/Users/admin/Videos/Teams Virtual Users/Monica.mp4","looping":true},"sync":0,"versioned_id":"ffmpeg_source","volume":1.0},{"balance":0.5,"deinterlace_field_order":0,"deinterlace_mode":0,"enabled":true,"flags":0,"hotkeys":{"MediaSource.Pause":[],"MediaSource.Play":[],"MediaSource.Restart":[],"MediaSource.Stop":[],"libobs.mute":[],"libobs.push-to-mute":[],"libobs.push-to-talk":[],"libobs.unmute":[]},"id":"ffmpeg_source","mixers":255,"monitoring_type":0,"muted":true,"name":"Phoebe.mp4","prev_ver":452984833,"private_settings":{},"push-to-mute":false,"push-to-mute-delay":0,"push-to-talk":false,"push-to-talk-delay":0,"settings":{"close_when_inactive":true,"hw_decode":true,"local_file":"C:/Users/admin/Videos/Teams Virtual Users/Phoebe.mp4","looping":true},"sync":0,"versioned_id":"ffmpeg_source","volume":1.0},{"balance":0.5,"deinterlace_field_order":0,"deinterlace_mode":0,"enabled":true,"flags":0,"hotkeys":{"MediaSource.Pause":[],"MediaSource.Play":[],"MediaSource.Restart":[],"MediaSource.Stop":[],"libobs.mute":[],"libobs.push-to-mute":[],"libobs.push-to-talk":[],"libobs.unmute":[]},"id":"ffmpeg_source","mixers":255,"monitoring_type":0,"muted":true,"name":"Rachael.mp4","prev_ver":452984833,"private_settings":{},"push-to-mute":false,"push-to-mute-delay":0,"push-to-talk":false,"push-to-talk-delay":0,"settings":{"close_when_inactive":true,"hw_decode":true,"local_file":"C:/Users/admin/Videos/Teams Virtual Users/Rachael.mp4","looping":true},"sync":0,"versioned_id":"ffmpeg_source","volume":1.0},{"balance":0.5,"deinterlace_field_order":0,"deinterlace_mode":0,"enabled":true,"flags":0,"hotkeys":{"MediaSource.Pause":[],"MediaSource.Play":[],"MediaSource.Restart":[],"MediaSource.Stop":[],"libobs.mute":[],"libobs.push-to-mute":[],"libobs.push-to-talk":[],"libobs.unmute":[]},"id":"ffmpeg_source","mixers":255,"monitoring_type":0,"muted":true,"name":"Black Panther.mp4","prev_ver":452984833,"private_settings":{},"push-to-mute":false,"push-to-mute-delay":0,"push-to-talk":false,"push-to-talk-delay":0,"settings":{"close_when_inactive":true,"hw_decode":true,"local_file":"C:/Users/admin/Videos/Teams Virtual Users/Black Panther.mp4","looping":true},"sync":0,"versioned_id":"ffmpeg_source","volume":1.0},{"balance":0.5,"deinterlace_field_order":0,"deinterlace_mode":0,"enabled":true,"flags":0,"hotkeys":{"MediaSource.Pause":[],"MediaSource.Play":[],"MediaSource.Restart":[],"MediaSource.Stop":[],"libobs.mute":[],"libobs.push-to-mute":[],"libobs.push-to-talk":[],"libobs.unmute":[]},"id":"ffmpeg_source","mixers":255,"monitoring_type":0,"muted":true,"name":"iron man.mp4","prev_ver":452984833,"private_settings":{},"push-to-mute":false,"push-to-mute-delay":0,"push-to-talk":false,"push-to-talk-delay":0,"settings":{"close_when_inactive":true,"hw_decode":true,"local_file":"C:/Users/admin/Videos/Teams Virtual Users/iron man.mp4","looping":true},"sync":0,"versioned_id":"ffmpeg_source","volume":1.0},{"balance":0.5,"deinterlace_field_order":0,"deinterlace_mode":0,"enabled":true,"flags":0,"hotkeys":{"MediaSource.Pause":[],"MediaSource.Play":[],"MediaSource.Restart":[],"MediaSource.Stop":[],"libobs.mute":[],"libobs.push-to-mute":[],"libobs.push-to-talk":[],"libobs.unmute":[]},"id":"ffmpeg_source","mixers":255,"monitoring_type":0,"muted":true,"name":"Thor.mp4","prev_ver":452984833,"private_settings":{},"push-to-mute":false,"push-to-mute-delay":0,"push-to-talk":false,"push-to-talk-delay":0,"settings":{"buffering_mb":2,"clear_on_media_end":true,"close_when_inactive":true,"hw_decode":true,"is_local_file":true,"linear_alpha":false,"local_file":"C:/Users/admin/Videos/Teams Virtual Users/Thor.mp4","looping":true,"reconnect_delay_sec":10,"restart_on_activate":true,"speed_percent":100},"sync":0,"versioned_id":"ffmpeg_source","volume":1.0},{"balance":0.5,"deinterlace_field_order":0,"deinterlace_mode":0,"enabled":true,"flags":0,"hotkeys":{"MediaSource.Pause":[],"MediaSource.Play":[],"MediaSource.Restart":[],"MediaSource.Stop":[],"libobs.mute":[],"libobs.push-to-mute":[],"libobs.push-to-talk":[],"libobs.unmute":[]},"id":"ffmpeg_source","mixers":255,"monitoring_type":0,"muted":true,"name":"star lord.mp4","prev_ver":452984833,"private_settings":{},"push-to-mute":false,"push-to-mute-delay":0,"push-to-talk":false,"push-to-talk-delay":0,"settings":{"close_when_inactive":true,"hw_decode":true,"local_file":"C:/Users/admin/Videos/Teams Virtual Users/star lord.mp4","looping":true},"sync":0,"versioned_id":"ffmpeg_source","volume":1.0},{"balance":0.5,"deinterlace_field_order":0,"deinterlace_mode":0,"enabled":true,"flags":0,"hotkeys":{"MediaSource.Pause":[],"MediaSource.Play":[],"MediaSource.Restart":[],"MediaSource.Stop":[],"libobs.mute":[],"libobs.push-to-mute":[],"libobs.push-to-talk":[],"libobs.unmute":[]},"id":"ffmpeg_source","mixers":255,"monitoring_type":0,"muted":true,"name":"Thanos.mp4","prev_ver":452984833,"private_settings":{},"push-to-mute":false,"push-to-mute-delay":0,"push-to-talk":false,"push-to-talk-delay":0,"settings":{"close_when_inactive":true,"hw_decode":true,"local_file":"C:/Users/admin/Videos/Teams Virtual Users/Thanos.mp4","looping":true},"sync":0,"versioned_id":"ffmpeg_source","volume":1.0},{"balance":0.5,"deinterlace_field_order":0,"deinterlace_mode":0,"enabled":true,"flags":0,"hotkeys":{"MediaSource.Pause":[],"MediaSource.Play":[],"MediaSource.Restart":[],"MediaSource.Stop":[],"libobs.mute":[],"libobs.push-to-mute":[],"libobs.push-to-talk":[],"libobs.unmute":[]},"id":"ffmpeg_source","mixers":255,"monitoring_type":0,"muted":true,"name":"Darth Vader.mp4","prev_ver":452984833,"private_settings":{},"push-to-mute":false,"push-to-mute-delay":0,"push-to-talk":false,"push-to-talk-delay":0,"settings":{"close_when_inactive":true,"hw_decode":true,"local_file":"C:/Users/admin/Videos/Teams Virtual Users/Darth Vader.mp4","looping":true},"sync":0,"versioned_id":"ffmpeg_source","volume":1.0},{"balance":0.5,"deinterlace_field_order":0,"deinterlace_mode":0,"enabled":true,"flags":0,"hotkeys":{"MediaSource.Pause":[],"MediaSource.Play":[],"MediaSource.Restart":[],"MediaSource.Stop":[],"libobs.mute":[],"libobs.push-to-mute":[],"libobs.push-to-talk":[],"libobs.unmute":[]},"id":"ffmpeg_source","mixers":255,"monitoring_type":0,"muted":true,"name":"Ross.mp4","prev_ver":452984833,"private_settings":{},"push-to-mute":false,"push-to-mute-delay":0,"push-to-talk":false,"push-to-talk-delay":0,"settings":{"close_when_inactive":true,"hw_decode":true,"local_file":"C:/Users/admin/Videos/Teams Virtual Users/Ross.mp4","looping":true},"sync":0,"versioned_id":"ffmpeg_source","volume":1.0}],"transition_duration":300,"transitions":[]}