{
    "ingests": [
        {
            "_id": 0,
            "availability": 1.0,
            "default": false,
            "name": "Europe: UK, London (4)",
            "url_template": "rtmp://lhr04.contribute.live-video.net/app/{stream_key}",
            "url_template_secure": "rtmps://lhr04.contribute.live-video.net/app/{stream_key}",
            "priority": 0
        },
        {
            "_id": 1,
            "availability": 1.0,
            "default": false,
            "name": "Europe: UK, London (3)",
            "url_template": "rtmp://lhr03.contribute.live-video.net/app/{stream_key}",
            "url_template_secure": "rtmps://lhr03.contribute.live-video.net/app/{stream_key}",
            "priority": 1
        },
        {
            "_id": 2,
            "availability": 1.0,
            "default": false,
            "name": "Europe: France, Paris",
            "url_template": "rtmp://cdg.contribute.live-video.net/app/{stream_key}",
            "url_template_secure": "rtmps://cdg.contribute.live-video.net/app/{stream_key}",
            "priority": 2
        },
        {
            "_id": 3,
            "availability": 1.0,
            "default": false,
            "name": "Europe: Netherlands, Amsterdam (2)",
            "url_template": "rtmp://ams02.contribute.live-video.net/app/{stream_key}",
            "url_template_secure": "rtmps://ams02.contribute.live-video.net/app/{stream_key}",
            "priority": 3
        },
        {
            "_id": 4,
            "availability": 1.0,
            "default": false,
            "name": "Europe: Netherlands, Amsterdam (3)",
            "url_template": "rtmp://ams03.contribute.live-video.net/app/{stream_key}",
            "url_template_secure": "rtmps://ams03.contribute.live-video.net/app/{stream_key}",
            "priority": 4
        },
        {
            "_id": 5,
            "availability": 1.0,
            "default": false,
            "name": "Europe: Germany, Frankfurt (5)",
            "url_template": "rtmp://fra05.contribute.live-video.net/app/{stream_key}",
            "url_template_secure": "rtmps://fra05.contribute.live-video.net/app/{stream_key}",
            "priority": 5
        },
        {
            "_id": 6,
            "availability": 1.0,
            "default": false,
            "name": "Europe: Germany, Frankfurt (2)",
            "url_template": "rtmp://fra02.contribute.live-video.net/app/{stream_key}",
            "url_template_secure": "rtmps://fra02.contribute.live-video.net/app/{stream_key}",
            "priority": 6
        },
        {
            "_id": 7,
            "availability": 1.0,
            "default": false,
            "name": "Europe: Germany, Düsseldorf (1)",
            "url_template": "rtmp://dus01.contribute.live-video.net/app/{stream_key}",
            "url_template_secure": "rtmps://dus01.contribute.live-video.net/app/{stream_key}",
            "priority": 7
        },
        {
            "_id": 8,
            "availability": 1.0,
            "default": false,
            "name": "Europe: Denmark, Copenhagen",
            "url_template": "rtmp://cph.contribute.live-video.net/app/{stream_key}",
            "url_template_secure": "rtmps://cph.contribute.live-video.net/app/{stream_key}",
            "priority": 8
        },
        {
            "_id": 9,
            "availability": 1.0,
            "default": false,
            "name": "Europe: Germany, Berlin",
            "url_template": "rtmp://ber.contribute.live-video.net/app/{stream_key}",
            "url_template_secure": "rtmps://ber.contribute.live-video.net/app/{stream_key}",
            "priority": 9
        },
        {
            "_id": 10,
            "availability": 1.0,
            "default": false,
            "name": "Europe: Italy, Milan",
            "url_template": "rtmp://mil.contribute.live-video.net/app/{stream_key}",
            "url_template_secure": "rtmps://mil.contribute.live-video.net/app/{stream_key}",
            "priority": 10
        },
        {
            "_id": 11,
            "availability": 1.0,
            "default": false,
            "name": "Europe: Italy, Milan (2)",
            "url_template": "rtmp://mil02.contribute.live-video.net/app/{stream_key}",
            "url_template_secure": "rtmps://mil02.contribute.live-video.net/app/{stream_key}",
            "priority": 11
        },
        {
            "_id": 12,
            "availability": 1.0,
            "default": false,
            "name": "Europe: France, Marseille",
            "url_template": "rtmp://mrs.contribute.live-video.net/app/{stream_key}",
            "url_template_secure": "rtmps://mrs.contribute.live-video.net/app/{stream_key}",
            "priority": 12
        },
        {
            "_id": 13,
            "availability": 1.0,
            "default": false,
            "name": "Europe: Czech Republic, Prague",
            "url_template": "rtmp://prg.contribute.live-video.net/app/{stream_key}",
            "url_template_secure": "rtmps://prg.contribute.live-video.net/app/{stream_key}",
            "priority": 13
        },
        {
            "_id": 14,
            "availability": 1.0,
            "default": false,
            "name": "Europe: Norway, Oslo",
            "url_template": "rtmp://osl.contribute.live-video.net/app/{stream_key}",
            "url_template_secure": "rtmps://osl.contribute.live-video.net/app/{stream_key}",
            "priority": 14
        },
        {
            "_id": 15,
            "availability": 1.0,
            "default": false,
            "name": "Europe: Spain, Madrid",
            "url_template": "rtmp://mad.contribute.live-video.net/app/{stream_key}",
            "url_template_secure": "rtmps://mad.contribute.live-video.net/app/{stream_key}",
            "priority": 15
        },
        {
            "_id": 16,
            "availability": 1.0,
            "default": false,
            "name": "Europe: Austria, Vienna (2)",
            "url_template": "rtmp://vie02.contribute.live-video.net/app/{stream_key}",
            "url_template_secure": "rtmps://vie02.contribute.live-video.net/app/{stream_key}",
            "priority": 16
        },
        {
            "_id": 17,
            "availability": 1.0,
            "default": false,
            "name": "Europe: Austria, Vienna",
            "url_template": "rtmp://vie.contribute.live-video.net/app/{stream_key}",
            "url_template_secure": "rtmps://vie.contribute.live-video.net/app/{stream_key}",
            "priority": 17
        },
        {
            "_id": 18,
            "availability": 1.0,
            "default": false,
            "name": "Europe: Sweden, Stockholm",
            "url_template": "rtmp://arn.contribute.live-video.net/app/{stream_key}",
            "url_template_secure": "rtmps://arn.contribute.live-video.net/app/{stream_key}",
            "priority": 18
        },
        {
            "_id": 19,
            "availability": 1.0,
            "default": false,
            "name": "Europe: Poland, Warsaw",
            "url_template": "rtmp://waw.contribute.live-video.net/app/{stream_key}",
            "url_template_secure": "rtmps://waw.contribute.live-video.net/app/{stream_key}",
            "priority": 19
        },
        {
            "_id": 20,
            "availability": 1.0,
            "default": false,
            "name": "Europe: Finland, Helsinki",
            "url_template": "rtmp://hel.contribute.live-video.net/app/{stream_key}",
            "url_template_secure": "rtmps://hel.contribute.live-video.net/app/{stream_key}",
            "priority": 20
        },
        {
            "_id": 21,
            "availability": 1.0,
            "default": false,
            "name": "NA: Canada, Quebec",
            "url_template": "rtmp://ymq.contribute.live-video.net/app/{stream_key}",
            "url_template_secure": "rtmps://ymq.contribute.live-video.net/app/{stream_key}",
            "priority": 21
        },
        {
            "_id": 22,
            "availability": 1.0,
            "default": false,
            "name": "US East: New York, NY",
            "url_template": "rtmp://jfk.contribute.live-video.net/app/{stream_key}",
            "url_template_secure": "rtmps://jfk.contribute.live-video.net/app/{stream_key}",
            "priority": 22
        },
        {
            "_id": 23,
            "availability": 1.0,
            "default": false,
            "name": "NA: Canada, Toronto",
            "url_template": "rtmp://yto.contribute.live-video.net/app/{stream_key}",
            "url_template_secure": "rtmps://yto.contribute.live-video.net/app/{stream_key}",
            "priority": 23
        },
        {
            "_id": 24,
            "availability": 1.0,
            "default": false,
            "name": "US East: Ashburn, VA (3)",
            "url_template": "rtmp://iad03.contribute.live-video.net/app/{stream_key}",
            "url_template_secure": "rtmps://iad03.contribute.live-video.net/app/{stream_key}",
            "priority": 24
        },
        {
            "_id": 25,
            "availability": 1.0,
            "default": false,
            "name": "US East: Ashburn, VA (5)",
            "url_template": "rtmp://iad05.contribute.live-video.net/app/{stream_key}",
            "url_template_secure": "rtmps://iad05.contribute.live-video.net/app/{stream_key}",
            "priority": 25
        },
        {
            "_id": 26,
            "availability": 1.0,
            "default": false,
            "name": "US East: Chicago, IL (3)",
            "url_template": "rtmp://ord03.contribute.live-video.net/app/{stream_key}",
            "url_template_secure": "rtmps://ord03.contribute.live-video.net/app/{stream_key}",
            "priority": 26
        },
        {
            "_id": 27,
            "availability": 1.0,
            "default": false,
            "name": "US East: Chicago, IL (2)",
            "url_template": "rtmp://ord02.contribute.live-video.net/app/{stream_key}",
            "url_template_secure": "rtmps://ord02.contribute.live-video.net/app/{stream_key}",
            "priority": 27
        },
        {
            "_id": 28,
            "availability": 1.0,
            "default": false,
            "name": "US East: Atlanta, GA",
            "url_template": "rtmp://atl.contribute.live-video.net/app/{stream_key}",
            "url_template_secure": "rtmps://atl.contribute.live-video.net/app/{stream_key}",
            "priority": 28
        },
        {
            "_id": 29,
            "availability": 1.0,
            "default": false,
            "name": "US East: Miami, FL",
            "url_template": "rtmp://mia.contribute.live-video.net/app/{stream_key}",
            "url_template_secure": "rtmps://mia.contribute.live-video.net/app/{stream_key}",
            "priority": 29
        },
        {
            "_id": 30,
            "availability": 1.0,
            "default": false,
            "name": "South America: Brazil, Fortaleza (1)",
            "url_template": "rtmp://for01.contribute.live-video.net/app/{stream_key}",
            "url_template_secure": "rtmps://for01.contribute.live-video.net/app/{stream_key}",
            "priority": 30
        },
        {
            "_id": 31,
            "availability": 1.0,
            "default": false,
            "name": "Asia: India, Mumbai",
            "url_template": "rtmp://bom01.contribute.live-video.net/app/{stream_key}",
            "url_template_secure": "rtmps://bom01.contribute.live-video.net/app/{stream_key}",
            "priority": 31
        },
        {
            "_id": 32,
            "availability": 1.0,
            "default": false,
            "name": "US Central: Denver, CO",
            "url_template": "rtmp://den.contribute.live-video.net/app/{stream_key}",
            "url_template_secure": "rtmps://den.contribute.live-video.net/app/{stream_key}",
            "priority": 32
        },
        {
            "_id": 33,
            "availability": 1.0,
            "default": false,
            "name": "US Central: Dallas, TX",
            "url_template": "rtmp://dfw.contribute.live-video.net/app/{stream_key}",
            "url_template_secure": "rtmps://dfw.contribute.live-video.net/app/{stream_key}",
            "priority": 33
        },
        {
            "_id": 34,
            "availability": 1.0,
            "default": false,
            "name": "US West: Seattle, WA",
            "url_template": "rtmp://sea.contribute.live-video.net/app/{stream_key}",
            "url_template_secure": "rtmps://sea.contribute.live-video.net/app/{stream_key}",
            "priority": 34
        },
        {
            "_id": 35,
            "availability": 1.0,
            "default": false,
            "name": "US Central: Houston, TX",
            "url_template": "rtmp://hou.contribute.live-video.net/app/{stream_key}",
            "url_template_secure": "rtmps://hou.contribute.live-video.net/app/{stream_key}",
            "priority": 35
        },
        {
            "_id": 36,
            "availability": 1.0,
            "default": false,
            "name": "US West: Salt Lake City, UT",
            "url_template": "rtmp://slc.contribute.live-video.net/app/{stream_key}",
            "url_template_secure": "rtmps://slc.contribute.live-video.net/app/{stream_key}",
            "priority": 36
        },
        {
            "_id": 37,
            "availability": 1.0,
            "default": false,
            "name": "US West: Portland, OR",
            "url_template": "rtmp://pdx.contribute.live-video.net/app/{stream_key}",
            "url_template_secure": "rtmps://pdx.contribute.live-video.net/app/{stream_key}",
            "priority": 37
        },
        {
            "_id": 38,
            "availability": 1.0,
            "default": false,
            "name": "Asia: India, Chennai",
            "url_template": "rtmp://maa01.contribute.live-video.net/app/{stream_key}",
            "url_template_secure": "rtmps://maa01.contribute.live-video.net/app/{stream_key}",
            "priority": 38
        },
        {
            "_id": 39,
            "availability": 1.0,
            "default": false,
            "name": "US West: Phoenix, AZ",
            "url_template": "rtmp://phx.contribute.live-video.net/app/{stream_key}",
            "url_template_secure": "rtmps://phx.contribute.live-video.net/app/{stream_key}",
            "priority": 39
        },
        {
            "_id": 40,
            "availability": 1.0,
            "default": true,
            "name": "US West: San Francisco, CA",
            "url_template": "rtmp://sfo.contribute.live-video.net/app/{stream_key}",
            "url_template_secure": "rtmps://sfo.contribute.live-video.net/app/{stream_key}",
            "priority": 40
        },
        {
            "_id": 41,
            "availability": 1.0,
            "default": false,
            "name": "US West: San Jose, CA (2)",
            "url_template": "rtmp://sjc02.contribute.live-video.net/app/{stream_key}",
            "url_template_secure": "rtmps://sjc02.contribute.live-video.net/app/{stream_key}",
            "priority": 41
        },
        {
            "_id": 42,
            "availability": 1.0,
            "default": false,
            "name": "US West: San Jose, CA (5)",
            "url_template": "rtmp://sjc05.contribute.live-video.net/app/{stream_key}",
            "url_template_secure": "rtmps://sjc05.contribute.live-video.net/app/{stream_key}",
            "priority": 42
        },
        {
            "_id": 43,
            "availability": 1.0,
            "default": false,
            "name": "US West: Los Angeles, CA",
            "url_template": "rtmp://lax.contribute.live-video.net/app/{stream_key}",
            "url_template_secure": "rtmps://lax.contribute.live-video.net/app/{stream_key}",
            "priority": 43
        },
        {
            "_id": 44,
            "availability": 1.0,
            "default": false,
            "name": "NA: Mexico, Queretaro (1)",
            "url_template": "rtmp://qro01.contribute.live-video.net/app/{stream_key}",
            "url_template_secure": "rtmps://qro01.contribute.live-video.net/app/{stream_key}",
            "priority": 44
        },
        {
            "_id": 45,
            "availability": 1.0,
            "default": false,
            "name": "NA: Mexico, Queretaro (2)",
            "url_template": "rtmp://qro02.contribute.live-video.net/app/{stream_key}",
            "url_template_secure": "rtmps://qro02.contribute.live-video.net/app/{stream_key}",
            "priority": 45
        },
        {
            "_id": 46,
            "availability": 1.0,
            "default": false,
            "name": "Asia: South Korea, Seoul (3)",
            "url_template": "rtmp://sel03.contribute.live-video.net/app/{stream_key}",
            "url_template_secure": "rtmps://sel03.contribute.live-video.net/app/{stream_key}",
            "priority": 46
        },
        {
            "_id": 47,
            "availability": 1.0,
            "default": false,
            "name": "Asia: South Korea, Seoul (1)",
            "url_template": "rtmp://sel01.contribute.live-video.net/app/{stream_key}",
            "url_template_secure": "rtmps://sel01.contribute.live-video.net/app/{stream_key}",
            "priority": 47
        },
        {
            "_id": 48,
            "availability": 1.0,
            "default": false,
            "name": "South America: Brazil, Rio de Janeiro",
            "url_template": "rtmp://rio.contribute.live-video.net/app/{stream_key}",
            "url_template_secure": "rtmps://rio.contribute.live-video.net/app/{stream_key}",
            "priority": 48
        },
        {
            "_id": 49,
            "availability": 1.0,
            "default": false,
            "name": "South America: Brazil, Sao Paulo",
            "url_template": "rtmp://sao.contribute.live-video.net/app/{stream_key}",
            "url_template_secure": "rtmps://sao.contribute.live-video.net/app/{stream_key}",
            "priority": 49
        },
        {
            "_id": 50,
            "availability": 1.0,
            "default": false,
            "name": "Asia: Japan, Tokyo (1)",
            "url_template": "rtmp://tyo01.contribute.live-video.net/app/{stream_key}",
            "url_template_secure": "rtmps://tyo01.contribute.live-video.net/app/{stream_key}",
            "priority": 50
        },
        {
            "_id": 51,
            "availability": 1.0,
            "default": false,
            "name": "Asia: Japan, Tokyo (3)",
            "url_template": "rtmp://tyo03.contribute.live-video.net/app/{stream_key}",
            "url_template_secure": "rtmps://tyo03.contribute.live-video.net/app/{stream_key}",
            "priority": 51
        },
        {
            "_id": 52,
            "availability": 1.0,
            "default": false,
            "name": "Asia: Thailand, Bangkok",
            "url_template": "rtmp://bkk.contribute.live-video.net/app/{stream_key}",
            "url_template_secure": "rtmps://bkk.contribute.live-video.net/app/{stream_key}",
            "priority": 52
        },
        {
            "_id": 53,
            "availability": 1.0,
            "default": false,
            "name": "Asia: Hong Kong",
            "url_template": "rtmp://hkg.contribute.live-video.net/app/{stream_key}",
            "url_template_secure": "rtmps://hkg.contribute.live-video.net/app/{stream_key}",
            "priority": 53
        },
        {
            "_id": 54,
            "availability": 1.0,
            "default": false,
            "name": "Asia: Taiwan, Taipei (3)",
            "url_template": "rtmp://tpe03.contribute.live-video.net/app/{stream_key}",
            "url_template_secure": "rtmps://tpe03.contribute.live-video.net/app/{stream_key}",
            "priority": 54
        },
        {
            "_id": 55,
            "availability": 1.0,
            "default": false,
            "name": "Asia: Taiwan, Taipei (1)",
            "url_template": "rtmp://tpe01.contribute.live-video.net/app/{stream_key}",
            "url_template_secure": "rtmps://tpe01.contribute.live-video.net/app/{stream_key}",
            "priority": 55
        },
        {
            "_id": 56,
            "availability": 1.0,
            "default": false,
            "name": "Asia: Singapore",
            "url_template": "rtmp://sin.contribute.live-video.net/app/{stream_key}",
            "url_template_secure": "rtmps://sin.contribute.live-video.net/app/{stream_key}",
            "priority": 56
        },
        {
            "_id": 57,
            "availability": 1.0,
            "default": false,
            "name": "Australia: Sydney (2)",
            "url_template": "rtmp://syd02.contribute.live-video.net/app/{stream_key}",
            "url_template_secure": "rtmps://syd02.contribute.live-video.net/app/{stream_key}",
            "priority": 57
        },
        {
            "_id": 58,
            "availability": 1.0,
            "default": false,
            "name": "Australia: Sydney (1)",
            "url_template": "rtmp://syd01.contribute.live-video.net/app/{stream_key}",
            "url_template_secure": "rtmps://syd01.contribute.live-video.net/app/{stream_key}",
            "priority": 58
        }
    ]
}
